I6838,CIAG
I6837,CIAG
I6839,CIAG
I6833,CIAG
I6835,CIAG
I6836,CIAG
I6840,CIAG
I6828,CIAG
I7585,CIAG
I7583,CIAG
I6843,CIAG
I6846,CIAG
I6844,CIAG
I6842,CIAG
I6845,CIAG
CC313,CICO
CC316,CICO
CC210,CICO
CC409,CICO
CC403,CICO
CC302,CICO
CC309,CICO
CC317,CICO
CC411,CICO
CC204,CICO
CC321,CICO
CC311,CICO
CC304,CICO
CC305,CICO
CC415,CICO
CC100,CICO
CC102,CICO
CC208,CICO
CC322,CICO
CC323,CICO
CC413,CICO
CC206,CICO
CC401,CICO
CC307,CICO
CC200,CICO
CC212,CICO
CC324,CICO
CC410,CICO
CC315,CICO
CC404,CICO
CC400,CICO
CC300,CICO
CC319,CICO
CC314,CICO
CC303,CICO
CC310,CICO
CC318,CICO
CC205,CICO
CC312,CICO
CC306,CICO
CC101,CICO
CC207,CICO
CC103,CICO
CC308,CICO
CC201,CICO
CC325,CICO
CC213,CICO
CC320,CICO
CC301,CICO
CC211,CICO
CC209,CICO
CC418,CICO
CC417,CICO
CC419,CICO
CC421,CICO
CC420,CICO
CC422,CICO
IT492,CITO
IT352,CITO
IT315,CITO
IT316,CITO
IT376,CITO
IT402,CITO
IT394,CITO
IT370,CITO
IT371,CITO
IT333,CITO
IT431,CITO
IT494,CITO
IT405,CITO
IT301,CITO
IT302,CITO
IT303,CITO
IT201,CITO
IT202,CITO
IT366,CITO
IT415,CITO
IT325,CITO
IT421,CITO
IT321,CITO
IT425,CITO
IT420,CITO
IT432,CITO
IT311,CITO
IT491,CITO
IT369,CITO
IT373,CITO
IT403,CITO
IT372,CITO
IT211,CITO
IT204,CITO
IT442,CITO
IT341,CITO
IT342,CITO
IT344,CITO
IT346,CITO
IT444,CITO
IT379,CITO
IT348,CITO
IT392,CITO
IT393,CITO
IT320,CITO
IT450,CITO
IT334,CITO
IT339,CITO
IT335,CITO
IT336,CITO
IT375,CITO
IT411,CITO
IT312,CITO
IT313,CITO
IT331,CITO
IT332,CITO
IT356,CITO
IT337,CITO
IT304,CITO
IT448,CITO
IT380,CITO
IT395,CITO
IT493,CITO
IT404,CITO
IT401,CITO
IT391,CITO
IT406,CITO
IT433,CITO
IT495,CITO
IT434,CITO
IT367,CITO
IT374,CITO
IT361,CITO
IT362,CITO
IT363,CITO
IT364,CITO
IT365,CITO
IT368,CITO
IT354,CITO
ET300,ELEC
ET301,ELEC
ET400,ELEC
ET200,ELEC
ET302,ELEC
ET303,ELEC
ET364,ELEC
ET366,ELEC
ET365,ELEC
ET201,ELEC
ET402,ELEC
ET217,ELEC
ET304,ELEC
ET305,ELEC
ET223,ELEC
ET218,ELEC
ET202,ELEC
ET203,ELEC
ET219,ELEC
ET403,ELEC
ET224,ELEC
ET306,ELEC
ET334,ELEC
ET335,ELEC
ET333,ELEC
ET307,ELEC
ET205,ELEC
ET206,ELEC
ET309,ELEC
ET204,ELEC
ET207,ELEC
ET213,ELEC
ET311,ELEC
ET312,ELEC
ET405,ELEC
ET314,ELEC
ET338,ELEC
ET315,ELEC
ET339,ELEC
ET208,ELEC
ET407,ELEC
ET318,ELEC
ET319,ELEC
ET408,ELEC
ET209,ELEC
ET210,ELEC
ET211,ELEC
ET232,ELEC
ET215,ELEC
ET320,ELEC
ET214,ELEC
ET212,ELEC
ET321,ELEC
ET322,ELEC
ET410,ELEC
ET358,ELEC
ET357,ELEC
ET216,ELEC
ET323,ELEC
ET354,ELEC
ET355,ELEC
ET340,ELEC
ET352,ELEC
ET415,ELEC
ET418,ELEC
ET412,ELEC
ET413,ELEC
ET417,ELEC
ET416,ELEC
ET414,ELEC
ET316,ELEC
FB215,FARM
FB302,FARM
FB224,FARM
FB324,FARM
FB304,FARM
FB301,FARM
FB323,FARM
FB317,FARM
FB217,FARM
FB325,FARM
FB315,FARM
FB320,FARM
FB313,FARM
FB311,FARM
FB330,FARM
FB305,FARM
FB218,FARM
FB321,FARM
FB309,FARM
FB307,FARM
FB207,FARM
FB308,FARM
FB306,FARM
FB314,FARM
FB316,FARM
FB220,FARM
FB303,FARM
FB318,FARM
FB322,FARM
FB326,FARM
FB222,FARM
FB223,FARM
FB312,FARM
FB319,FARM
FB310,FARM
FS104,FISI
FS306,FISI
FS105,FISI
FS103,FISI
FS106,FISI
FS213,FISI
FS205,FISI
FS108,FISI
FS211,FISI
FS101,FISI
FS109,FISI
FS112,FISI
FS114,FISI
FS117,FISI
FS110,FISI
FS115,FISI
FS111,FISI
FS102,FISI
FS209,FISI
FS207,FISI
FS208,FISI
FS215,FISI
FS107,FISI
FS203,FISI
FS204,FISI
FS202,FISI
FS302,FISI
ID221,INDU
ID204,INDU
ID408,INDU
ID202,INDU
ID403,INDU
ID203,INDU
ID303,INDU
ID425,INDU
ID426,INDU
ID207,INDU
ID410,INDU
ID201,INDU
ID208,INDU
ID402,INDU
ID213,INDU
ID301,INDU
ID302,INDU
ID418,INDU
ID214,INDU
ID211,INDU
ID220,INDU
ID304,INDU
ID216,INDU
ID305,INDU
ID440,INDU
ID217,INDU
ID406,INDU
ID306,INDU
ID210,INDU
ID209,INDU
ID205,INDU
ID222,INDU
ID215,INDU
ID101,INDU
ID219,INDU
ID218,INDU
ID309,INDU
ID419,INDU
ID421,INDU
ID424,INDU
ID310,INDU
ID411,INDU
ID401,INDU
ID412,INDU
ID413,INDU
ID212,INDU
ID409,INDU
ID311,INDU
ID427,INDU
ID307,INDU
ID414,INDU
ID102,INDU
ID415,INDU
ID103,INDU
ID308,INDU
IF108,INFO
IQ214,INQU
IQ305,INQU
IQ306,INQU
IQ301,INQU
IQ302,INQU
IQ303,INQU
IQ304,INQU
IQ404,INQU
IQ210,INQU
IQ215,INQU
IQ313,INQU
IQ314,INQU
IQ308,INQU
IQ307,INQU
IQ230,INQU
IQ207,INQU
IQ212,INQU
IQ211,INQU
IQ209,INQU
IQ218,INQU
IQ311,INQU
IQ312,INQU
IQ216,INQU
IQ208,INQU
I7607,INTE
I6042,INTE
I7370,INTE
I5902,INTE
I7357,INTE
I7674,INTE
I5810,INTE
I5907,INTE
I5908,INTE
IC673,INTE
I5802,INTE
I5991,INTE
I6000,INTE
I5969,INTE
I6030,INTE
I5884,INTE
I9878,INTE
I6775,INTE
I5906,INTE
I6133,INTE
I5953,INTE
I6487,INTE
I7385,INTE
I6153,INTE
I5838,INTE
I7655,INTE
I7665,INTE
H0775,INTE
I7588,INTE
H0545,INTE
I5959,INTE
I5951,INTE
I5955,INTE
I5957,INTE
I6171,INTE
I5938,INTE
I6169,INTE
I7590,INTE
I7592,INTE
I7023,INTE
UTT44,INTE
I6155,INTE
I6490,INTE
I7380,INTE
I6114,INTE
I7274,INTE
I5817,INTE
I6134,INTE
I5890,INTE
I6125,INTE
I6156,INTE
I6148,INTE
I7539,INTE
I6776,INTE
I6149,INTE
I7594,INTE
H0776,INTE
I7493,INTE
I7544,INTE
I6140,INTE
I6144,INTE
I7595,INTE
I6178,INTE
I7420,INTE
I6009,INTE
I7344,INTE
I5800,INTE
I6909,INTE
I5990,INTE
I7421,INTE
I5999,INTE
I6121,INTE
I7345,INTE
I6488,INTE
H0789,INTE
H0785,INTE
H0513,INTE
I5853,INTE
I5876,INTE
I6099,INTE
I7441,INTE
I5829,INTE
I7277,INTE
I7279,INTE
UTT25,INTE
I7280,INTE
I7587,INTE
IB127,INTE
I7427,INTE
I7428,INTE
I7282,INTE
I6197,INTE
I5912,INTE
H0563,INTE
I6040,INTE
I6025,INTE
I6041,INTE
I6001,INTE
I6032,INTE
I6033,INTE
I6034,INTE
I6035,INTE
I6036,INTE
I6184,INTE
I7036,INTE
I5992,INTE
I6007,INTE
I5924,INTE
I5923,INTE
I7679,INTE
UTT33,INTE
I7371,INTE
I5844,INTE
I5901,INTE
I6489,INTE
I7695,INTE
I9900,INTE
I9902,INTE
UTT55,INTE
H0796,INTE
I6198,INTE
I7522,INTE
I6186,INTE
UTT20,INTE
I6494,INTE
I6177,INTE
I7429,INTE
I7413,INTE
I6814,INTE
I5840,INTE
I5846,INTE
I6745,INTE
I5972,INTE
I6021,INTE
UTT19,INTE
I7391,INTE
IC580,INTE
I7408,INTE
I7442,INTE
I7516,INTE
I5874,INTE
H0514,INTE
I7342,INTE
I7262,INTE
I7478,INTE
I7358,INTE
UTT18,INTE
I7283,INTE
I7284,INTE
I7598,INTE
I7422,INTE
I7346,INTE
I6910,INTE
I6010,INTE
I6015,INTE
I6109,INTE
I5809,INTE
I6013,INTE
I7596,INTE
I7597,INTE
I6914,INTE
I7350,INTE
I5993,INTE
I7414,INTE
I7436,INTE
I7647,INTE
I7263,INTE
I7372,INTE
I7565,INTE
I7599,INTE
IB128,INTE
I5856,INTE
I7500,INTE
I5857,INTE
I5814,INTE
I7373,INTE
H0520,INTE
I7359,INTE
I7347,INTE
I9880,INTE
I5897,INTE
I7412,INTE
IC581,INTE
IB129,INTE
I6925,INTE
H0515,INTE
H0739,INTE
I5886,INTE
I5888,INTE
I5834,INTE
I7381,INTE
I7558,INTE
I7392,INTE
I6168,INTE
I6147,INTE
I6138,INTE
I6142,INTE
I6201,INTE
I6486,INTE
I7405,INTE
I6491,INTE
I6100,INTE
I6031,INTE
I6103,INTE
I6098,INTE
I6027,INTE
I6002,INTE
I6020,INTE
H0521,INTE
I7490,INTE
I6928,INTE
I6128,INTE
I6131,INTE
I7492,INTE
I5813,INTE
I5812,INTE
I6137,INTE
I6202,INTE
I7433,INTE
I7440,INTE
I7577,INTE
I5919,INTE
I5943,INTE
I6926,INTE
I5921,INTE
I7022,INTE
I5947,INTE
IC674,INTE
I6158,INTE
I7393,INTE
I6205,INTE
I7494,INTE
I6187,INTE
I5910,INTE
I6484,INTE
I6022,INTE
I7601,INTE
I5967,INTE
I7683,INTE
I7285,INTE
I7425,INTE
I7438,INTE
I7360,INTE
I7426,INTE
I7390,INTE
I7361,INTE
I7672,INTE
I7682,INTE
I7673,INTE
I5847,INTE
I7678,INTE
I7410,INTE
UTT69,INTE
I5898,INTE
I5900,INTE
I7394,INTE
I5848,INTE
UTT07,INTE
I7424,INTE
I6154,INTE
I7443,INTE
I7444,INTE
I7602,INTE
I7287,INTE
I7605,INTE
I7603,INTE
I7604,INTE
I7510,INTE
I7509,INTE
UTT23,INTE
I7606,INTE
I7038,INTE
I7040,INTE
H0777,INTE
H0558,INTE
I5860,INTE
I5828,INTE
I5862,INTE
I5858,INTE
I6123,INTE
I6115,INTE
I7340,INTE
I5816,INTE
I5861,INTE
I5859,INTE
I7349,INTE
I5821,INTE
I7556,INTE
I7553,INTE
I7552,INTE
I5926,INTE
I5945,INTE
I7341,INTE
I7387,INTE
I7386,INTE
H0551,INTE
H0550,INTE
I6174,INTE
I5822,INTE
I7374,INTE
I6176,INTE
I7545,INTE
I7498,INTE
I7431,INTE
I7430,INTE
I5845,INTE
I7382,INTE
I7351,INTE
I5995,INTE
I6006,INTE
I7501,INTE
I7362,INTE
I6016,INTE
I6024,INTE
I6029,INTE
I6004,INTE
I7486,INTE
I7502,INTE
I7503,INTE
I7363,INTE
I7512,INTE
I7511,INTE
I5827,INTE
I7459,INTE
I7460,INTE
I7450,INTE
I5988,INTE
I7354,INTE
I5808,INTE
I7445,INTE
I5825,INTE
I7383,INTE
I6151,INTE
I6918,INTE
I5998,INTE
I6146,INTE
I7451,INTE
I5837,INTE
I7508,INTE
I7507,INTE
I7549,INTE
I6924,INTE
I6922,INTE
I7484,INTE
I7497,INTE
I7518,INTE
I7496,INTE
I7495,INTE
I7483,INTE
I5811,INTE
I5839,INTE
I7388,INTE
I7458,INTE
I5831,INTE
I5833,INTE
I7364,INTE
IB132,INTE
IB133,INTE
I7406,INTE
I7375,INTE
I6189,INTE
I5826,INTE
I7455,INTE
I7456,INTE
I7452,INTE
I7432,INTE
I7454,INTE
I5892,INTE
UTT04,INTE
UTT35,INTE
UTT36,INTE
I5820,INTE
I5818,INTE
I5823,INTE
I7423,INTE
H0738,INTE
I9881,INTE
I5807,INTE
I7353,INTE
I6912,INTE
I5304,INTE
IC675,INTE
I6026,INTE
H0547,INTE
I5824,INTE
I7434,INTE
I6028,INTE
I6012,INTE
UTT24,INTE
I7403,INTE
H0793,INTE
H0555,INTE
H0543,INTE
H0552,INTE
I6157,INTE
I5989,INTE
H0564,INTE
H0570,INTE
I6780,INTE
I5966,INTE
H0544,INTE
I6023,INTE
I5893,INTE
I9883,INTE
I5895,INTE
I9885,INTE
I7020,INTE
I7343,INTE
I7419,INTE
H0559,INTE
UTT22,INTE
I6208,INTE
I6145,INTE
I7554,INTE
I6152,INTE
I6210,INTE
I6211,INTE
I5911,INTE
I7646,INTE
I7680,INTE
I5842,INTE
I7480,INTE
I9905,INTE
I5849,INTE
I5851,INTE
I5850,INTE
I5852,INTE
I6135,INTE
I6139,INTE
I6113,INTE
H0542,INTE
I5996,INTE
I6917,INTE
I6019,INTE
H0766,INTE
UTT21,INTE
I7417,INTE
I6801,INTE
I7520,INTE
I6141,INTE
I7473,INTE
I7376,INTE
I7377,INTE
IA898,INTE
IA899,INTE
I5984,INTE
I5799,INTE
I6819,INTE
I7348,INTE
UTT03,INTE
I6920,INTE
I5801,INTE
I6493,INTE
I7609,INTE
I7608,INTE
I6783,INTE
I7265,INTE
I7648,INTE
H0770,INTE
H0523,INTE
I7453,INTE
I7378,INTE
I5836,INTE
I5843,INTE
H0765,INTE
I7651,INTE
I5882,INTE
I9887,INTE
I7404,INTE
IC589,INTE
I7266,INTE
I7268,INTE
I9892,INTE
I9894,INTE
I7681,INTE
I7698,INTE
I5937,INTE
I5909,INTE
I7575,INTE
H0740,INTE
H0741,INTE
I7652,INTE
I7610,INTE
I7288,INTE
UTT27,INTE
UTT28,INTE
I7649,INTE
I7650,INTE
I7365,INTE
I7523,INTE
H0528,INTE
I7504,INTE
I6127,INTE
I6130,INTE
I7506,INTE
I7548,INTE
I6132,INTE
I7356,INTE
I7415,INTE
I7485,INTE
H0516,INTE
I7519,INTE
I7537,INTE
H0529,INTE
I6921,INTE
I5803,INTE
I6122,INTE
I6923,INTE
I5804,INTE
I6126,INTE
I7482,INTE
I7491,INTE
I7514,INTE
I7517,INTE
I6124,INTE
I5805,INTE
I6129,INTE
I5806,INTE
I7540,INTE
I6170,INTE
I7551,INTE
UTT47,INTE
I7031,INTE
I7462,INTE
UTT42,INTE
I7270,INTE
I9896,INTE
I6803,INTE
I6136,INTE
I7037,INTE
I5905,INTE
I5835,INTE
I7366,INTE
H0518,INTE
H0519,INTE
I7384,INTE
I7396,INTE
I7487,INTE
IC583,INTE
I5815,INTE
I7379,INTE
I6011,INTE
I6143,INTE
I7675,INTE
I7389,INTE
I9901,INTE
I9884,INTE
I9888,INTE
I9906,INTE
I9893,INTE
I9879,INTE
IB130,INTE
I9886,INTE
I9882,INTE
I9895,INTE
I9897,INTE
I7267,INTE
I7593,INTE
I7589,INTE
I7591,INTE
I7269,INTE
I7278,INTE
I7290,INTE
I7286,INTE
I7275,INTE
I7281,INTE
I7021,INTE
I7028,INTE
I5891,INTE
I7026,INTE
I5889,INTE
I5899,INTE
I5914,INTE
I5896,INTE
I7032,INTE
I5904,INTE
I5885,INTE
I7030,INTE
I5883,INTE
I5887,INTE
I7024,INTE
I7039,INTE
I7273,INTE
I5894,INTE
I7041,INTE
I7271,INTE
I7034,INTE
H0548,INTE
H0549,INTE
I6483,INTE
I6165,INTE
I6159,INTE
I6160,INTE
I6161,INTE
I6163,INTE
I6162,INTE
I6164,INTE
I7369,INTE
I5944,INTE
I5960,INTE
I5950,INTE
I5965,INTE
I5968,INTE
I5949,INTE
I5971,INTE
I5940,INTE
H0746,INTE
H0747,INTE
H0748,INTE
H0749,INTE
H0750,INTE
H0751,INTE
H0742,INTE
H0743,INTE
H0744,INTE
I6732,INTE
I6733,INTE
H0745,INTE
I7464,INTE
I7465,INTE
I7466,INTE
I7467,INTE
I7468,INTE
I7469,INTE
I7471,INTE
I7470,INTE
H0517,INTE
I7272,INTE
I6173,INTE
I6017,INTE
I7042,INTE
UTT10,INTE
I7538,INTE
H0786,INTE
I6217,INTE
I7439,INTE
I7448,INTE
I5913,INTE
I7035,INTE
I7289,INTE
I7291,INTE
I7457,INTE
I5963,INTE
I5841,INTE
I7292,INTE
IB136,INTE
I7600,INTE
I9914,INTE
UTT08,INTE
I9913,INTE
I6804,INTE
UTT09,INTE
I7447,INTE
I6805,INTE
UTT15,INTE
UTT32,INTE
I7029,INTE
I7033,INTE
I9911,INTE
I7463,INTE
I5970,INTE
I5954,INTE
I7550,INTE
I5952,INTE
I5956,INTE
I5958,INTE
I5939,INTE
I6191,INTE
IC574,INTE
IC573,INTE
I6192,INTE
I5962,INTE
I7559,INTE
IC678,INTE
I7418,INTE
I6916,INTE
I5920,INTE
I5922,INTE
I5946,INTE
I5927,INTE
I7395,INTE
I6193,INTE
I6911,INTE
I7446,INTE
I7367,INTE
IC571,INTE
I7355,INTE
I5997,INTE
I6915,INTE
I6003,INTE
I5994,INTE
I5987,INTE
I7352,INTE
I6913,INTE
I7499,INTE
I7515,INTE
I7513,INTE
I6927,INTE
I5964,INTE
I5933,INTE
I5935,INTE
I5931,INTE
I5929,INTE
H0530,INTE
I6166,INTE
I6167,INTE
H0779,INTE
H0780,INTE
H0790,INTE
H0794,INTE
H0787,INTE
I5879,INTE
H0571,INTE
I7699,INTE
I7705,INTE
I7702,INTE
I7700,INTE
I7703,INTE
I7704,INTE
I5942,INTE
I6492,INTE
I5932,INTE
I5934,INTE
I5961,INTE
I5925,INTE
I5941,INTE
I5915,INTE
I6008,INTE
I7488,INTE
I7481,INTE
I7489,INTE
I9907,INTE
I9908,INTE
I5928,INTE
I5930,INTE
I7293,INTE
I7449,INTE
I5936,INTE
I6018,INTE
I7368,INTE
I5881,INTE
H0546,INTE
I5819,INTE
H0533,INTE
H0534,INTE
H0535,INTE
I7416,INTE
I6047,INTE
I6046,INTE
I6044,INTE
I6045,INTE
I6769,INTE
UTT59,INTE
I5982,INTE
I5978,INTE
I5977,INTE
I5976,INTE
I5980,INTE
I6824,INTE
UTT63,INTE
UTT58,INTE
UTT65,INTE
I6792,INTE
UTT60,INTE
UTT66,INTE
I5975,INTE
I5983,INTE
H0538,INTE
I6806,INTE
H0539,INTE
I6807,INTE
H0540,INTE
I6809,INTE
I6774,INTE
I6810,INTE
I6793,INTE
I6812,INTE
I5948,INTE
I6175,INTE
I6218,INTE
I6150,INTE
I7676,INTE
I7677,INTE
I7025,INTE
I7027,INTE
I7435,INTE
I5832,INTE
I5830,INTE
I7670,INTE
I5877,INTE
UTT05,INTE
H0799,INTE
I5903,INTE
I6172,INTE
I6014,INTE
I7294,INTE
UTT13,INTE
UTT30,INTE
MT102,MATE
MT120,MATE
MT220,MATE
MT202,MATE
MT358,MATE
MT212,MATE
MT130,MATE
MT131,MATE
MT211,MATE
MT354,MATE
MT113,MATE
MT110,MATE
MT112,MATE
MT361,MATE
MT240,MATE
MT140,MATE
MT141,MATE
MT241,MATE
MT341,MATE
MT151,MATE
MT150,MATE
MT250,MATE
MT251,MATE
MT254,MATE
MT242,MATE
MT104,MATE
MT105,MATE
MT160,MATE
MT310,MATE
MT101,MATE
MT299,MATE
MT362,MATE
MT253,MATE
MT230,MATE
MT103,MATE
MT161,MATE
MT347,MATE
IM201,MEEL
IM215,MEEL
IM202,MEEL
IM203,MEEL
IM374,MEEL
IM205,MEEL
IM313,MEEL
IM406,MEEL
IM340,MEEL
IM301,MEEL
IM409,MEEL
IM239,MEEL
IM427,MEEL
IM429,MEEL
IM386,MEEL
IM315,MEEL
IM316,MEEL
IM388,MEEL
IM344,MEEL
IM233,MEEL
IM219,MEEL
IM207,MEEL
IM206,MEEL
IM236,MEEL
IM389,MEEL
IM390,MEEL
IM381,MEEL
IM335,MEEL
IM321,MEEL
IM354,MEEL
IM365,MEEL
IM373,MEEL
IM300,MEEL
IM393,MEEL
IM383,MEEL
IM237,MEEL
IM377,MEEL
IM223,MEEL
IM304,MEEL
IM357,MEEL
IM359,MEEL
IM227,MEEL
IM228,MEEL
IM218,MEEL
IM360,MEEL
IM384,MEEL
IM306,MEEL
IM307,MEEL
IM336,MEEL
IM433,MEEL
IM435,MEEL
IM375,MEEL
IM392,MEEL
IM387,MEEL
IM382,MEEL
IM430,MEEL
IM364,MEEL
IM235,MEEL
IM434,MEEL
IM378,MEEL
IM320,MEEL
IM432,MEEL
IM334,MEEL
IM385,MEEL
IM402,MEEL
IM404,MEEL
IM213,MEEL
I4693,NAEX
I3311,NAEX
I3321,NAEX
IB056,NAEX
I3331,NAEX
I3294,NAEX
F0162,NAEX
F0229,NAEX
I3298,NAEX
I3286,NAEX
I3309,NAEX
I3291,NAEX
I3332,NAEX
F0171,NAEX
F0258,NAEX
F0256,NAEX
I6936,NAEX
I3292,NAEX
F0328,NAEX
I3308,NAEX
IB058,NAEX
I3277,NAEX
I3281,NAEX
F0471,NAEX
IB059,NAEX
F0342,NAEX
F0172,NAEX
IB075,NAEX
IB076,NAEX
I3295,NAEX
F0354,NAEX
IB060,NAEX
I3302,NAEX
I3322,NAEX
F0173,NAEX
F0174,NAEX
I3326,NAEX
IB061,NAEX
F0175,NAEX
I3284,NAEX
IB062,NAEX
F0373,NAEX
I3336,NAEX
F0317,NAEX
F0466,NAEX
F0306,NAEX
I6993,NAEX
I3315,NAEX
F0178,NAEX
F0159,NAEX
F0161,NAEX
F0375,NAEX
I3279,NAEX
I3283,NAEX
I3285,NAEX
I3301,NAEX
I4667,NAEX
I2217,NAEX
IB080,NAEX
I3303,NAEX
I3307,NAEX
I3306,NAEX
I3297,NAEX
I3290,NAEX
I3289,NAEX
I3288,NAEX
I3287,NAEX
F0366,NAEX
IB065,NAEX
F0315,NAEX
I6978,NAEX
F0158,NAEX
IB066,NAEX
F0372,NAEX
F0374,NAEX
I3296,NAEX
F0345,NAEX
F0364,NAEX
F0180,NAEX
F0318,NAEX
F0335,NAEX
F0336,NAEX
F0341,NAEX
I3304,NAEX
IB057,NAEX
F0181,NAEX
F0248,NAEX
F0199,NAEX
F0198,NAEX
F0197,NAEX
F0167,NAEX
F0168,NAEX
F0195,NAEX
F0196,NAEX
F0169,NAEX
I3335,NAEX
I3312,NAEX
I3305,NAEX
I8103,NAEX
IB120,NAEX
IB067,NAEX
F0182,NAEX
F0183,NAEX
I6931,NAEX
I6975,NAEX
IB068,NAEX
I3278,NAEX
IB069,NAEX
I3282,NAEX
IB071,NAEX
F0300,NAEX
F0185,NAEX
F0334,NAEX
I6982,NAEX
I6984,NAEX
I6981,NAEX
I6983,NAEX
I6980,NAEX
I6979,NAEX
F0303,NAEX
F0305,NAEX
F0304,NAEX
I3280,NAEX
I3310,NAEX
F0194,NAEX
F0192,NAEX
F0164,NAEX
F0165,NAEX
F0166,NAEX
F0193,NAEX
F0329,NAEX
F0320,NAEX
I8478,NAEX
I8479,NAEX
F0319,NAEX
F0267,NAEX
F0266,NAEX
F0265,NAEX
F0264,NAEX
F0332,NAEX
F0333,NAEX
F0331,NAEX
F0377,NAEX
F0376,NAEX
I3314,NAEX
IB091,NAEX
F0186,NAEX
I3299,NAEX
I3313,NAEX
IB070,NAEX
I3334,NAEX
I3318,NAEX
I3320,NAEX
I3319,NAEX
I3317,NAEX
I7013,NAEX
F0262,NAEX
I7017,NAEX
F0188,NAEX
I7012,NAEX
I7014,NAEX
F0326,NAEX
F0190,NAEX
F0259,NAEX
F0191,NAEX
F0321,NAEX
F0323,NAEX
F0322,NAEX
I7010,NAEX
I7019,NAEX
F0343,NAEX
F0346,NAEX
F0163,NAEX
F0302,NAEX
I8101,NAEX
I3293,NAEX
I3300,NAEX
IB095,NAEX
PT129,PATO
QM406,QUIM
QM301,QUIM
QM313,QUIM
QM303,QUIM
QM202,QUIM
QM304,QUIM
QM305,QUIM
QM203,QUIM
QM403,QUIM
QM404,QUIM
QM405,QUIM
QM204,QUIM
QM207,QUIM
QM407,QUIM
QM306,QUIM
QM409,QUIM
QM410,QUIM
QM307,QUIM
QM402,QUIM
QM100,QUIM
QM411,QUIM
QM420,QUIM
QM421,QUIM
QM422,QUIM
QM309,QUIM
QM310,QUIM
QM413,QUIM
QM415,QUIM
QM212,QUIM
QM312,QUIM
QM423,QUIM
QM425,QUIM
QM424,QUIM
D0638,SOAD
TS291,TRSO
