I6775,DO
I6776,DO
I6936,DO
I6814,DO
I6745,DO
I6993,DO
I6978,DO
I6780,DO
F0199,DO
F0198,DO
F0197,DO
F0195,DO
F0196,DO
I6801,DO
I6819,DO
I6783,DO
I6931,DO
I6975,DO
I6803,DO
F0334,DO
I6982,DO
I6984,DO
I6981,DO
I6983,DO
I6980,DO
I6979,DO
F0194,DO
F0192,DO
F0193,DO
I8478,DO
I8479,DO
F0332,DO
F0333,DO
F0331,DO
H0746,DO
H0747,DO
H0748,DO
H0749,DO
H0750,DO
H0751,DO
I6732,DO
I6733,DO
I6804,DO
I6805,DO
I7013,DO
I7017,DO
I7012,DO
I7014,DO
I7010,DO
I7019,DO
I6769,DO
I6824,DO
I6792,DO
I6806,DO
I6807,DO
I6809,DO
I6774,DO
I6810,DO
I6793,DO
I6812,DO
F0162,DO
H0775,DO
F0229,DO
F0171,DO
F0258,DO
F0256,DO
H0776,DO
F0342,DO
H0789,DO
F0172,DO
H0785,DO
F0354,DO
F0173,DO
F0174,DO
H0796,DO
F0175,DO
H0739,DO
F0178,DO
F0159,DO
F0161,DO
I2217,DO
H0777,DO
F0366,DO
F0158,DO
H0738,DO
H0793,DO
F0345,DO
F0180,DO
F0335,DO
F0336,DO
F0341,DO
F0181,DO
F0248,DO
H0766,DO
F0182,DO
H0770,DO
F0183,DO
H0765,DO
H0740,DO
H0741,DO
F0185,DO
F0164,DO
F0165,DO
F0166,DO
F0319,DO
F0267,DO
F0266,DO
F0265,DO
F0264,DO
F0186,DO
H0786,DO
H0779,DO
H0780,DO
H0790,DO
H0794,DO
H0787,DO
F0262,DO
F0188,DO
F0190,DO
F0259,DO
F0191,DO
F0343,DO
F0346,DO
F0163,DO
H0799,DO
ID221,LI
I7607,LI
I6042,LI
I7370,LI
CC313,LI
I5902,LI
ID408,LI
I7357,LI
I3311,LI
I5810,LI
ID202,LI
I5907,LI
I5908,LI
ID403,LI
QM406,LI
IT492,LI
I3321,LI
IT352,LI
IC673,LI
MT102,LI
IB056,LI
I5802,LI
I5991,LI
MT120,LI
I6000,LI
MT220,LI
I5969,LI
MT202,LI
I6030,LI
I5884,LI
I9878,LI
I3331,LI
I5906,LI
I6133,LI
QM301,LI
I5953,LI
I6487,LI
I3294,LI
I7385,LI
I6153,LI
I5838,LI
MT358,LI
QM313,LI
I7588,LI
IT315,LI
IT316,LI
I5959,LI
MT212,LI
I5951,LI
I5955,LI
I5957,LI
I3298,LI
I6171,LI
FB215,LI
I5938,LI
MT130,LI
MT131,LI
I3286,LI
I6169,LI
QM303,LI
MT211,LI
CC316,LI
MT354,LI
IQ214,LI
I7590,LI
I7592,LI
ET300,LI
I7023,LI
CC210,LI
CC409,LI
ID303,LI
I6155,LI
I6490,LI
I7380,LI
I6114,LI
IT376,LI
CC403,LI
I7274,LI
ET301,LI
I3309,LI
ID425,LI
ID426,LI
IT402,LI
I5817,LI
I3291,LI
FB302,LI
I6134,LI
I5890,LI
CC302,LI
CC309,LI
I3332,LI
I6125,LI
I6156,LI
I6148,LI
IQ305,LI
IQ306,LI
I7539,LI
FB224,LI
I6149,LI
I7594,LI
QM202,LI
I3292,LI
I7493,LI
I7544,LI
I6140,LI
I6144,LI
I7595,LI
I6178,LI
FB324,LI
I3308,LI
I7420,LI
MT113,LI
I6009,LI
I7344,LI
I5800,LI
I6909,LI
I5990,LI
I7421,LI
I5999,LI
IB058,LI
I6121,LI
I3277,LI
I3281,LI
I7345,LI
MT112,LI
IB059,LI
I6488,LI
IT394,LI
IT370,LI
IT371,LI
IQ301,LI
IQ302,LI
IM201,LI
IB075,LI
IB076,LI
I5853,LI
I5876,LI
IQ303,LI
IQ304,LI
I6099,LI
IT333,LI
IT431,LI
I7441,LI
IM215,LI
I5829,LI
I3295,LI
I7277,LI
I7279,LI
I7280,LI
I7587,LI
IB127,LI
I7427,LI
IM202,LI
I7428,LI
IM203,LI
I7282,LI
I6197,LI
FB304,LI
I5912,LI
I6040,LI
I6025,LI
I6041,LI
I6001,LI
I6032,LI
I6033,LI
I6034,LI
I6035,LI
I6036,LI
MT361,LI
ID410,LI
CC317,LI
I6184,LI
I7036,LI
CC411,LI
I5992,LI
IB060,LI
I6007,LI
I5924,LI
ET400,LI
ET200,LI
ET302,LI
I5923,LI
I3302,LI
IT494,LI
IT405,LI
IT301,LI
IT302,LI
IT303,LI
I3322,LI
QM304,LI
IQ404,LI
I7371,LI
FB301,LI
FB323,LI
I5844,LI
IQ210,LI
I5901,LI
I6489,LI
ID208,LI
I9900,LI
I9902,LI
ET303,LI
IM374,LI
I6198,LI
FB317,LI
FB217,LI
I7522,LI
I6186,LI
I6494,LI
ID402,LI
I6177,LI
IT201,LI
IT202,LI
I7429,LI
IM205,LI
IT366,LI
I7413,LI
FS104,LI
FS306,LI
IT415,LI
ET364,LI
ET366,LI
ET365,LI
I5840,LI
I5846,LI
I5972,LI
I6021,LI
I7391,LI
I3326,LI
IC580,LI
ET201,LI
I7408,LI
I7442,LI
IM313,LI
IM406,LI
IT325,LI
IT421,LI
IT321,LI
IT425,LI
I7516,LI
I5874,LI
I7342,LI
I7262,LI
I7478,LI
IM340,LI
IQ215,LI
I7358,LI
I7283,LI
I7284,LI
ET402,LI
IT420,LI
IB061,LI
IM301,LI
IM409,LI
I7598,LI
ID213,LI
FB325,LI
ID302,LI
I7422,LI
I3284,LI
I7346,LI
IB062,LI
I6910,LI
I6010,LI
MT240,LI
MT140,LI
I6015,LI
MT141,LI
MT241,LI
I6109,LI
MT341,LI
I5809,LI
I6013,LI
I7596,LI
I7597,LI
I6914,LI
I7350,LI
I5993,LI
FS105,LI
I7414,LI
I7436,LI
ET304,LI
I7263,LI
ET305,LI
ET223,LI
ET202,LI
ET203,LI
I7372,LI
I7565,LI
ET219,LI
I7599,LI
IB128,LI
QM305,LI
I5856,LI
I7500,LI
QM203,LI
I5857,LI
QM403,LI
I5814,LI
MT151,LI
ID418,LI
I7373,LI
ET403,LI
I3336,LI
I7359,LI
ID211,LI
FB315,LI
QM404,LI
QM405,LI
IT432,LI
I7347,LI
MT250,LI
MT251,LI
MT254,LI
I9880,LI
I5897,LI
I7412,LI
IC581,LI
FS103,LI
QM204,LI
IB129,LI
I6925,LI
I5886,LI
I5888,LI
IT311,LI
I5834,LI
I7381,LI
I3315,LI
ID304,LI
FB320,LI
I7558,LI
I7392,LI
ID216,LI
FB313,LI
I6168,LI
I6147,LI
I6138,LI
I6142,LI
I6201,LI
FS106,LI
IT491,LI
I6486,LI
I7405,LI
I6491,LI
ID305,LI
FS213,LI
FS205,LI
I6100,LI
I6031,LI
I6103,LI
I6098,LI
I6027,LI
I3279,LI
I3283,LI
I6002,LI
FS108,LI
I6020,LI
FS211,LI
I3285,LI
I7490,LI
I3301,LI
I6928,LI
I6128,LI
QM207,LI
I6131,LI
I7492,LI
I5813,LI
I5812,LI
I6137,LI
I6202,LI
I7433,LI
IM239,LI
I7440,LI
IT369,LI
IT373,LI
IM427,LI
I7577,LI
MT242,LI
I5919,LI
I5943,LI
I6926,LI
I5921,LI
CC321,LI
I7022,LI
IT403,LI
FB311,LI
IT372,LI
IT211,LI
MT104,LI
IT204,LI
I5947,LI
IC674,LI
MT105,LI
I6158,LI
I7393,LI
ID440,LI
CC311,LI
I6205,LI
IT442,LI
IT341,LI
IT342,LI
IT344,LI
IT346,LI
IT444,LI
IT379,LI
IT348,LI
IB080,LI
I7494,LI
I6187,LI
ID217,LI
I5910,LI
I6484,LI
I6022,LI
I7601,LI
ID406,LI
I5967,LI
IQ313,LI
IQ314,LI
FB330,LI
IM429,LI
I7285,LI
I7425,LI
ET224,LI
I7438,LI
I3303,LI
ID306,LI
I7360,LI
ID210,LI
I7426,LI
I7390,LI
I7361,LI
ID209,LI
ID205,LI
ID222,LI
I5847,LI
IM386,LI
I7410,LI
IT392,LI
I3307,LI
I5898,LI
CC304,LI
I5900,LI
CC305,LI
IT393,LI
I7394,LI
I5848,LI
ID215,LI
IQ308,LI
IQ307,LI
IT320,LI
I7424,LI
I3306,LI
I6154,LI
FB305,LI
FB218,LI
I3297,LI
IM315,LI
I7443,LI
IT450,LI
I7444,LI
IM316,LI
I7602,LI
I7287,LI
I7605,LI
I7603,LI
I7604,LI
ET306,LI
IM388,LI
ET334,LI
ET335,LI
I7510,LI
I7509,LI
I7606,LI
ET333,LI
CC415,LI
I7038,LI
I7040,LI
I5860,LI
I3290,LI
I5828,LI
I3289,LI
I5862,LI
I3288,LI
I5858,LI
I6123,LI
I6115,LI
I7340,LI
ID101,LI
I5816,LI
I5861,LI
I3287,LI
IQ230,LI
I5859,LI
IM344,LI
I7349,LI
I5821,LI
I7556,LI
I7553,LI
I7552,LI
I5926,LI
I5945,LI
I7341,LI
I7387,LI
I7386,LI
ID219,LI
ID218,LI
I6174,LI
I5822,LI
I7374,LI
I6176,LI
I7545,LI
I7498,LI
IM219,LI
I7431,LI
I7430,LI
IM207,LI
IM206,LI
ET307,LI
ET205,LI
IT334,LI
I5845,LI
I7382,LI
ET206,LI
FS112,LI
I7351,LI
I5995,LI
I6006,LI
ET309,LI
ET204,LI
ET207,LI
I7501,LI
I7362,LI
ID309,LI
I6016,LI
I6024,LI
I6029,LI
I6004,LI
FS114,LI
I7486,LI
I7502,LI
I7503,LI
I7363,LI
I7512,LI
I7511,LI
FS117,LI
IM236,LI
I5827,LI
I7459,LI
I7460,LI
IM389,LI
IM390,LI
I7450,LI
IM381,LI
IM335,LI
IM321,LI
I5988,LI
I7354,LI
I5808,LI
FS110,LI
I7445,LI
I5825,LI
IM354,LI
IM365,LI
FS115,LI
I7383,LI
I6151,LI
I6918,LI
I5998,LI
FS111,LI
I6146,LI
IT339,LI
I7451,LI
IM373,LI
IM300,LI
I5837,LI
I7508,LI
I7507,LI
I7549,LI
I6924,LI
IB065,LI
I6922,LI
I7484,LI
I7497,LI
I7518,LI
I7496,LI
I7495,LI
I7483,LI
I5811,LI
I5839,LI
IM393,LI
I7388,LI
I7458,LI
IM383,LI
ET213,LI
IM377,LI
IT335,LI
IT336,LI
ET311,LI
IM223,LI
I5831,LI
I5833,LI
I7364,LI
ID419,LI
ID421,LI
CC208,LI
IB132,LI
IB133,LI
I7406,LI
TS291,LI
ID424,LI
IT375,LI
I7375,LI
I6189,LI
IQ207,LI
FB321,LI
I5826,LI
ID310,LI
IM304,LI
I7455,LI
IM357,LI
I7456,LI
I7452,LI
IM359,LI
I7432,LI
IM227,LI
I7454,LI
IM228,LI
I5892,LI
I5820,LI
I5818,LI
I5823,LI
I7423,LI
MT160,LI
I9881,LI
I5807,LI
I7353,LI
I6912,LI
I5304,LI
IB066,LI
IC675,LI
IT411,LI
I6026,LI
FS209,LI
I3296,LI
I5824,LI
I7434,LI
IM218,LI
FS207,LI
FS208,LI
IT312,LI
IT313,LI
IT331,LI
IT332,LI
I6028,LI
QM407,LI
I6012,LI
QM306,LI
QM409,LI
IM360,LI
ET312,LI
I7403,LI
QM410,LI
MT310,LI
I6157,LI
I5989,LI
IM384,LI
I5966,LI
I6023,LI
FS215,LI
I5893,LI
I9883,LI
I5895,LI
I9885,LI
I7020,LI
I3304,LI
I7343,LI
I7419,LI
IB057,LI
QM307,LI
I6208,LI
FB309,LI
I6145,LI
I7554,LI
FB307,LI
I6152,LI
PT129,LI
FB207,LI
I6210,LI
FB308,LI
I6211,LI
FB306,LI
ET405,LI
I5911,LI
I5842,LI
I7480,LI
I9905,LI
I5849,LI
I5851,LI
I5850,LI
I5852,LI
I6135,LI
I6139,LI
I3335,LI
I3312,LI
IT356,LI
I6113,LI
I5996,LI
I6917,LI
I3305,LI
FB314,LI
I6019,LI
FS107,LI
FS203,LI
FS204,LI
I7417,LI
I7520,LI
CC322,LI
CC323,LI
ET314,LI
I6141,LI
IT337,LI
IT304,LI
I7473,LI
ID411,LI
I7376,LI
I7377,LI
ID401,LI
IQ212,LI
IQ211,LI
IA898,LI
IA899,LI
I5984,LI
I5799,LI
IB120,LI
IT448,LI
I7348,LI
I6920,LI
IB067,LI
I5801,LI
I6493,LI
I7609,LI
I7608,LI
I7265,LI
ET338,LI
I7453,LI
I7378,LI
IM306,LI
IM307,LI
IM336,LI
IQ209,LI
I5836,LI
I5843,LI
FB316,LI
I5882,LI
I9887,LI
I7404,LI
IC589,LI
CC413,LI
I7266,LI
I7268,LI
I9892,LI
I9894,LI
CC206,LI
CC401,LI
CC307,LI
I5937,LI
I5909,LI
I7575,LI
IM433,LI
I7610,LI
I7288,LI
ET315,LI
IM435,LI
IT380,LI
IT395,LI
I7365,LI
IT493,LI
I7523,LI
QM402,LI
I7504,LI
I6127,LI
I6130,LI
I7506,LI
I7548,LI
I6132,LI
I7356,LI
I7415,LI
QM100,LI
FB220,LI
I7485,LI
QM411,LI
QM420,LI
I7519,LI
QM421,LI
QM422,LI
QM309,LI
I7537,LI
QM310,LI
IB068,LI
I6921,LI
I5803,LI
I6122,LI
I6923,LI
I5804,LI
I6126,LI
I3278,LI
IB069,LI
I7482,LI
QM413,LI
I7491,LI
I7514,LI
I7517,LI
I3282,LI
IB071,LI
QM415,LI
I6124,LI
I5805,LI
I6129,LI
I5806,LI
QM212,LI
I7540,LI
I6170,LI
I7551,LI
FB303,LI
CC324,LI
I7031,LI
I7462,LI
IM375,LI
CC410,LI
I7270,LI
I9896,LI
IM392,LI
IT404,LI
IT401,LI
IM387,LI
I6136,LI
I7037,LI
I5905,LI
I5835,LI
I7366,LI
ET339,LI
I7384,LI
I3280,LI
I3310,LI
ID412,LI
I7396,LI
I7487,LI
IC583,LI
I5815,LI
I7379,LI
I6011,LI
I6143,LI
MT299,LI
I7389,LI
I9901,LI
I9884,LI
I9888,LI
I9906,LI
I9893,LI
I9879,LI
IB130,LI
I9886,LI
I9882,LI
I9895,LI
I9897,LI
I7267,LI
I7593,LI
I7589,LI
I7591,LI
I7269,LI
I7278,LI
I7290,LI
I7286,LI
I7275,LI
I7281,LI
I7021,LI
I7028,LI
I5891,LI
I7026,LI
I5889,LI
I5899,LI
I5914,LI
I5896,LI
I7032,LI
I5904,LI
I5885,LI
I7030,LI
I5883,LI
I5887,LI
I7024,LI
I7039,LI
I7273,LI
I5894,LI
I7041,LI
I7271,LI
I7034,LI
I3314,LI
ID413,LI
IQ218,LI
I6483,LI
I6165,LI
I6159,LI
I6160,LI
I6161,LI
I6163,LI
I6162,LI
I6164,LI
I7369,LI
I5944,LI
I5960,LI
I5950,LI
I5965,LI
I5968,LI
I5949,LI
I5971,LI
I5940,LI
IB091,LI
I7464,LI
I7465,LI
I7466,LI
I7467,LI
I7468,LI
I7469,LI
I7471,LI
I7470,LI
I7272,LI
I6173,LI
ET208,LI
I6017,LI
I7042,LI
I7538,LI
FB318,LI
QM312,LI
I6217,LI
ID212,LI
I7439,LI
I7448,LI
I5913,LI
I7035,LI
ET407,LI
ID409,LI
I3299,LI
ET318,LI
I7289,LI
I7291,LI
FB322,LI
ET319,LI
I7457,LI
IM382,LI
I5963,LI
I5841,LI
CC315,LI
CC404,LI
IM430,LI
I7292,LI
IB136,LI
ID311,LI
ID427,LI
IT391,LI
ET408,LI
ET209,LI
ET210,LI
ET211,LI
IM364,LI
I7600,LI
CC400,LI
I9914,LI
I9913,LI
ET232,LI
IM434,LI
I7447,LI
IM378,LI
I7029,LI
CC319,LI
I7033,LI
I9911,LI
IM320,LI
ID414,LI
IM432,LI
I7463,LI
I3313,LI
CC314,LI
I5970,LI
I5954,LI
I7550,LI
I5952,LI
I5956,LI
I5958,LI
I5939,LI
CC303,LI
CC310,LI
CC318,LI
I6191,LI
IC574,LI
IC573,LI
I6192,LI
ID415,LI
I5962,LI
I7559,LI
IC678,LI
I7418,LI
I6916,LI
I5920,LI
I5922,LI
CC312,LI
CC306,LI
I5946,LI
I5927,LI
I7395,LI
I6193,LI
I6911,LI
IB070,LI
I7446,LI
ET320,LI
CC207,LI
CC308,LI
I7367,LI
IC571,LI
CC325,LI
I7355,LI
I5997,LI
I6915,LI
I6003,LI
I5994,LI
I5987,LI
I7352,LI
I6913,LI
I7499,LI
I7515,LI
I7513,LI
I6927,LI
I5964,LI
ET214,LI
ET212,LI
CC320,LI
CC301,LI
I5933,LI
I5935,LI
I5931,LI
I5929,LI
FB326,LI
IQ311,LI
IQ312,LI
I3334,LI
IM334,LI
I3318,LI
I3320,LI
I3319,LI
I3317,LI
IQ216,LI
ET321,LI
IM385,LI
I6166,LI
FB222,LI
I6167,LI
FB223,LI
ET322,LI
ET410,LI
IT406,LI
IT433,LI
IT495,LI
IT434,LI
ET358,LI
ET357,LI
I5879,LI
I5942,LI
ET216,LI
ET323,LI
I6492,LI
ID308,LI
I5932,LI
I5934,LI
I5961,LI
I5925,LI
I5941,LI
I5915,LI
CC209,LI
I6008,LI
IT367,LI
MT362,LI
MT253,LI
I7488,LI
I7481,LI
I7489,LI
I9907,LI
I9908,LI
I5928,LI
I5930,LI
I7293,LI
FS202,LI
I7449,LI
I5936,LI
I6018,LI
I7368,LI
I5881,LI
I5819,LI
IM402,LI
IM404,LI
I7416,LI
I6047,LI
I6046,LI
I6044,LI
ET354,LI
ET355,LI
ET340,LI
ET352,LI
I6045,LI
FS302,LI
I5982,LI
I5978,LI
I5977,LI
CC418,LI
CC417,LI
CC419,LI
I5976,LI
I5980,LI
CC421,LI
CC420,LI
CC422,LI
QM423,LI
QM425,LI
QM424,LI
I5975,LI
I5983,LI
ET415,LI
ET418,LI
ET412,LI
ET413,LI
ET417,LI
ET416,LI
ET414,LI
IT374,LI
IT361,LI
IT362,LI
IT363,LI
IT364,LI
IT365,LI
IT368,LI
I5948,LI
MT230,LI
FB312,LI
I6175,LI
I3293,LI
I6218,LI
I6150,LI
FB319,LI
I7025,LI
I7027,LI
ET316,LI
I7435,LI
I5832,LI
IM213,LI
I3300,LI
IQ208,LI
I5830,LI
I5877,LI
IT354,LI
MT103,LI
IB095,LI
I5903,LI
I6172,LI
I6014,LI
MT161,LI
MT347,LI
I7294,LI
FB310,LI
ID204,LI
ID203,LI
MT110,LI
ID207,LI
ID201,LI
ID301,LI
ET217,LI
ET218,LI
MT150,LI
ID214,LI
CC204,LI
ID220,LI
CC100,LI
FS101,LI
FS109,LI
CC102,LI
IM233,LI
IM237,LI
FS102,LI
MT101,LI
IF108,LI
CC200,LI
D0638,LI
CC212,LI
ID307,LI
IM235,LI
CC300,LI
ID102,LI
CC205,LI
CC101,LI
ET215,LI
CC103,LI
CC201,LI
ID103,LI
CC213,LI
CC211,LI
I4693,MA
I7674,MA
I7655,MA
I7665,MA
H0545,MA
UTT44,MA
I6838,MA
I6837,MA
F0328,MA
I6839,MA
F0471,MA
H0513,MA
UTT25,MA
H0563,MA
I7679,MA
UTT33,MA
I7695,MA
UTT55,MA
UTT20,MA
UTT19,MA
H0514,MA
UTT18,MA
F0373,MA
I7647,MA
H0520,MA
F0317,MA
F0466,MA
H0515,MA
F0306,MA
F0375,MA
H0521,MA
I6833,MA
I4667,MA
I6835,MA
I7683,MA
I7672,MA
I7682,MA
I7673,MA
I7678,MA
UTT69,MA
UTT07,MA
UTT23,MA
H0558,MA
H0551,MA
H0550,MA
UTT04,MA
UTT35,MA
UTT36,MA
F0315,MA
F0372,MA
F0374,MA
H0547,MA
UTT24,MA
H0555,MA
H0543,MA
H0552,MA
F0364,MA
F0318,MA
H0564,MA
H0570,MA
H0544,MA
H0559,MA
UTT22,MA
I6836,MA
I6840,MA
I7646,MA
I7680,MA
F0167,MA
F0168,MA
F0169,MA
H0542,MA
UTT21,MA
I8103,MA
UTT03,MA
I7648,MA
H0523,MA
I6828,MA
I7651,MA
I7681,MA
I7698,MA
I7652,MA
UTT27,MA
UTT28,MA
I7649,MA
I7650,MA
H0528,MA
H0516,MA
H0529,MA
F0300,MA
UTT47,MA
UTT42,MA
H0518,MA
H0519,MA
F0303,MA
F0305,MA
F0304,MA
I7675,MA
I7585,MA
F0329,MA
F0320,MA
I7583,MA
H0548,MA
F0377,MA
H0549,MA
F0376,MA
H0742,MA
H0743,MA
H0744,MA
H0745,MA
H0517,MA
UTT10,MA
UTT08,MA
UTT09,MA
UTT15,MA
UTT32,MA
H0530,MA
F0326,MA
H0571,MA
F0321,MA
F0323,MA
F0322,MA
I7699,MA
I7705,MA
I7702,MA
I7700,MA
I7703,MA
I7704,MA
H0546,MA
F0302,MA
I8101,MA
H0533,MA
H0534,MA
H0535,MA
I6843,MA
I6846,MA
I6844,MA
I6842,MA
I6845,MA
UTT59,MA
UTT63,MA
UTT58,MA
UTT65,MA
UTT60,MA
UTT66,MA
H0538,MA
H0539,MA
H0540,MA
I7676,MA
I7677,MA
I7670,MA
UTT05,MA
UTT13,MA
UTT30,MA
F0162,MA
H0775,MA
F0229,MA
F0171,MA
F0258,MA
F0256,MA
H0776,MA
F0342,MA
H0789,MA
F0172,MA
H0785,MA
F0354,MA
F0173,MA
F0174,MA
H0796,MA
F0175,MA
H0739,MA
F0178,MA
F0159,MA
F0161,MA
I2217,MA
H0777,MA
F0366,MA
F0158,MA
H0738,MA
H0793,MA
F0345,MA
F0180,MA
F0335,MA
F0336,MA
F0341,MA
F0181,MA
F0248,MA
H0766,MA
F0182,MA
H0770,MA
F0183,MA
H0765,MA
H0740,MA
H0741,MA
F0185,MA
F0164,MA
F0165,MA
F0166,MA
F0319,MA
F0267,MA
F0266,MA
F0265,MA
F0264,MA
F0186,MA
H0786,MA
H0779,MA
H0780,MA
H0790,MA
H0794,MA
H0787,MA
F0262,MA
F0188,MA
F0190,MA
F0259,MA
F0191,MA
F0343,MA
F0346,MA
F0163,MA
H0799,MA
ID204,TS
ID203,TS
MT110,TS
ID207,TS
ID201,TS
ID301,TS
ET217,TS
ET218,TS
MT150,TS
ID214,TS
CC204,TS
ID220,TS
CC100,TS
FS101,TS
FS109,TS
CC102,TS
IM233,TS
IM237,TS
FS102,TS
MT101,TS
IF108,TS
CC200,TS
D0638,TS
CC212,TS
ID307,TS
IM235,TS
CC300,TS
ID102,TS
CC205,TS
CC101,TS
ET215,TS
CC103,TS
CC201,TS
ID103,TS
CC213,TS
CC211,TS
